1,1,Astronaut Suit red,1,astronaut_red.png,100,Astronaut Suit red,1,1,,,
2,2,Astronaut Suit blue,1,astronaut_blue.png,100,Astronaut Suit blue,1,1,,,
3,3,Astronaut Suit green,1,astronaut_green.png,100,Astronaut Suit green,1,1,,,
4,4,Astronaut Suit purple,1,astronaut_purple.png,100,Astronaut Suit purple,1,1,,,
5,5,Astronaut Suit white,1,astronaut_white.png,100,Astronaut Suit white,1,1,,,
6,6,Astronaut Suit yellow,1,astronaut_yellow.png,100,Astronaut Suit yellow,1,1,,,
7,7,Astronaut Satelite blue,1,sat_blue.png,500,Astronaut Satelite blue,1,1,,,
8,8,Astronaut Satelite green,1,sat_green.png,500,Astronaut Satelite green,1,1,,,
9,9,Astronaut Satelite white,1,sat_white.png,500,Astronaut Satelite white,1,1,,,
10,10,Astronaut Satelite yellow,1,sat_yellow.png,500,Astronaut Satelite yellow,1,1,,,
11,11,Astronaut Satelite purple,1,sat_purple.png,500,Astronaut Satelite purple,1,1,,,
12,12,Astronaut Space shuttle blue,1,space_blue.png,1000,Astronaut Space shuttle blue,1,1,,,
13,13,Astronaut Space shuttle green,1,space_green.png,1000,Astronaut Space shuttle green,1,1,,,
14,14,Astronaut Space shuttle yellow,1,space_yellow.png,1000,Astronaut Space shuttle yellow,1,1,,,
15,15,Astronaut Space shuttle white,1,space_white.png,1000,Astronaut Space shuttle white,1,1,,,
16,16,Astronaut Space shuttle purple,1,space_purple.png,1000,Astronaut Space shuttle purple,1,1,,,
17,17,Astronaut Telescope green,1,telescope_green.png,300,Astronaut Telescope green,1,1,,,
18,18,Astronaut Telescope white,1,telescope_white.png,300,Astronaut Telescope white,1,1,,,
19,19,Astronaut Telescope purple,1,telescope_purple.png,300,Astronaut Telescope purple,1,1,,,
20,20,Astronaut Telescope yellow,1,telescope_yellow.png,300,Astronaut Telescope yellow,1,1,,,
21,21,Astronaut Telescope blue,1,telescope_blue.png,300,Astronaut Telescope blue,1,1,,,
22,22,Astronaut Rocketship Green,1,ship_green.png,600,Astronaut Rocketship Green,1,1,,,
23,23,Astronaut Rocketship red,1,ship_red.png,600,Astronaut Rocketship red,1,1,,,
24,24,Astronaut Rocketship silver,1,ship_silver.png,600,Astronaut Rocketship silver,1,1,,,
25,25,Astronaut Rocketship blue,1,ship_blue.png,600,Astronaut Rocketship blue,1,1,,,
26,26,Astronaut Mars Rover blue,1,mars_rover_blue.png,1200,Astronaut Mars Rover blue,1,1,,,
27,27,Astronaut Mars Rover green,1,mars_rover_green.png,1200,Astronaut Mars Rover green,1,1,,,
28,28,Astronaut Mars Rover red,1,mars_rover_red.png,1200,Astronaut Mars Rover red,1,1,,,
29,29,Astronaut Mars Rover purple,1,mars_rover_purple.png,1200,Astronaut Mars Rover purple,1,1,,,
30,30,Astronaut Mars Rover white,1,mars_rover_white.png,1200,Astronaut Mars Rover white,1,1,,,
31,31,Astronaut robots green,1,robots_green.png,400,Astronaut robots green,1,1,,,
32,32,Astronaut robots blue,1,robots_blue.png,400,Astronaut robots blue,1,1,,,
33,33,Astronaut robots red,1,robots_red.png,400,Astronaut robots red,1,1,,,
34,34,Astronaut robots white,1,robots_white.png,400,Astronaut robots white,1,1,,,
35,35,Astronaut robots purple,1,robots_purple.png,400,Astronaut robots purple,1,1,,,
36,36,Astronaut Satellite floating red,1,satelite_red.png,150,Astronaut Satellite floating red,1,1,,,
37,37,Astronaut Satellite floating blue,1,satelite_blue.png,150,Astronaut Satellite floating blue,1,1,,,
38,38,Astronaut Satellite floating white,1,satelite_white.png,150,Astronaut Satellite floating white,1,1,,,
39,39,Astronaut Satellite floating purple,1,satelite_purple.png,150,Astronaut Satellite floating purple,1,1,,,
40,40,Astronaut Satellite floating green,1,satelite_green.png,150,Astronaut Satellite floating green,1,1,,,
41,41,Engineering Hardhat red,5,cap_red.png,50,Engineering Hardhat red,1,1,,,
42,42,Engineering Hardhat blue,5,cap_blue.png,50,Engineering Hardhat blue,1,1,,,
43,43,Engineering Hardhat white,5,cap_white.png,50,Engineering Hardhat white,1,1,,,
44,44,Engineering Hardhat purple,5,cap_purple.png,50,Engineering Hardhat purple,1,1,,,
45,45,Engineering bulldozer,5,bulldozer.png,1000,Engineering bulldozer,1,1,,,
46,46,Engineering Crane blue,5,crane.png,1000,Engineering Crane blue,1,1,,,
47,47,Engineering Large crane,5,large_carne.png,750,Engineering Large crane,1,1,,,
48,48,Engineering cement mixer,5,cement_mixer.png,1000,Engineering cement mixer,1,1,,,
49,49,Engineering equipment,5,equipment.png,200,Engineering equipment,1,1,,,
50,50,Engineering floor plan,5,floor_plans.png,100,Engineering floor plan,1,1,,,
51,51,Engineering level,5,level.png,100,Engineering level,1,1,,,
52,52,Engineering geometry,5,geometry.png,100,Engineering geometry,1,1,,,
53,53,Engineering ruler,5,ruler.png,100,Engineering ruler,1,1,,,
54,54,Engineering plans,5,plans.png,100,Engineering plans,1,1,,,
55,55,Engineering briefcase,5,briefcase.png,200,Engineering briefcase,1,1,,,
56,56,Engineering laptop,5,laptop.png,200,Engineering laptop,1,1,,,
57,57,Engineering jackhammer,5,jackhammer.png,300,Engineering jackhammer,1,1,,,
58,58,Engineering truck dozer,5,truck_dozer.png,400,Engineering truck dozer,1,1,,,
59,59,Engineering dump truck,5,dump_truck.png,500,Engineering dump truck,1,1,,,
60,60,Engineering small crane,5,small_crane.png,500,Engineering small crane,1,1,,,
61,61,Engineering cement mixer small,5,cement_mixer_small.png,500,Engineering cement mixer small,1,1,,,
62,62,Engineering hauler,5,hauler.png,500,Engineering hauler,1,1,,,
63,63,fireman hose,10,hose.png,100,fireman hose,1,1,,,
64,64,fireman alarm,10,alarm.png,100,fireman alarm,1,1,,,
65,65,fireman fire extinguisher large,10,fire_extinguisher_large.png,300,fireman fire extinguisher large,1,1,,,
66,66,fireman fire extinguisher small,10,fire_extinguisher_small.png,200,fireman fire extinguisher small,1,1,,,
67,67,fireman fire sign,10,fire_sign.png,100,fireman fire sign,1,1,,,
68,68,fireman hydrant,10,hydrant.png,300,fireman hydrant,1,1,,,
69,69,fireman large fire engine,10,large_fire_engine.png,1000,fireman large fire engine,1,1,,,
70,70,fireman small fire engine,10,small_fire_engine.png,500,fireman small fire engine,1,1,,,
71,71,fireman safety cone,10,safety_cone.png,100,fireman safety cone,1,1,,,
72,72,lawyer brieftcase,17,briefcase.png,200,lawyer brieftcase,1,1,,,
73,73,lawyer computer,17,computer.png,200,lawyer computer,1,1,,,
74,74,lawyer conference room desk,17,conference_room_desk.jpg,400,lawyer conference room desk,1,1,,,
75,75,lawyer courthouse,17,courthouse.jpg,400,lawyer courthouse,1,1,,,
76,76,lawyer desk,17,desk.jpg,400,lawyer desk,1,1,,,
77,77,lawyer formal robe,17,formal_robe.jpg,100,lawyer formal robe,1,1,,,
78,78,lawyer gravel,17,gravel.png,100,lawyer gravel,1,1,,,
79,79,lawyer justice scales,17,justice_scales.png,100,lawyer justice scales,1,1,,,
80,80,lawyer law book,17,law_book.png,100,lawyer law book,1,1,,,
81,81,lawyer law books,17,law_books.png,100,lawyer law books,1,1,,,
82,82,lawyer law library books,17,law_library_books.jpg,500,lawyer law library books,1,1,,,
83,83,lawyer lawyer suit,17,lawyer_suit.jpg,400,lawyer lawyer suit,1,1,,,
84,84,lawyer note pad and pen,17,note_pad_and_pen.png,200,lawyer note pad and pen,1,1,,,
85,85,lawyer reception area,17,reception_area.jpg,600,lawyer reception area,1,1,,,
86,86,pilot tower,11,tower.png,200,pilot tower,1,1,,,
87,87,pilot commercial jet,11,commercial_jet.jpg,600,pilot commercial jet,1,1,,,
88,88,pilot helicopter,11,helicopter.jpg,500,pilot helicopter,1,1,,,
89,89,pilot figher jet,11,fighter_jet.jpg,1000,pilot figher jet,1,1,,,
90,90,pilot luxury corporate jet,11,luxury_corporate_jet.jpg,600,pilot luxury corporate jet,1,1,,,
91,91,pilot pilot hat black,11,pilot_black.png,100,pilot pilot hat black,1,1,,,
92,92,pilot pilot hat green,11,pilot_green.png,100,pilot pilot hat green,1,1,,,
93,93,pilot pilot hat red,11,pilot_red.png,100,pilot pilot hat red,1,1,,,
94,94,pilot pilot hat white,11,pilot_white.png,100,pilot pilot hat white,1,1,,,
95,95,pilot yellow plane,11,yellow_plane.jpg,400,pilot yellow plane,1,1,,,
96,96,pilot airport,11,airport.jpg,800,pilot airport,1,1,,,
97,97,pilot suitcase blue,11,suitcase_blue.jpg,200,pilot suitcase blue,1,1,,,
98,98,pilot suitcase white,11,suitcase_white.png,200,pilot suitcase white,1,1,,,
99,99,pilot suitcase red,11,suitcase_red.png,200,pilot suitcase red,1,1,,,
100,100,pilot suitcase yellow,11,suitcase_yellow.png,200,pilot suitcase yellow,1,1,,,
101,101,pilot suitcase green,11,suitcase_green.png,200,pilot suitcase green,1,1,,,
102,102,pilot aviator glasses,11,aviator_glasses.jpg,400,pilot aviator glasses,1,1,,,
103,103,pilot headphones,11,headphones.jpg,200,pilot headphones,1,1,,,
104,104,pilot uniform blue dark,11,uniform_dark_blue.png,300,pilot uniform blue dark,1,1,,,
105,105,pilot uniform blue light,11,uniform_light_blue.png,300,pilot uniform blue light,1,1,,,
106,106,pilot uniform green,11,uniform_green.png,300,pilot uniform green,1,1,,,
107,107,pilot uniform brown,11,uniform_brown.png,300,pilot uniform brown,1,1,,,
108,108,pilot uniform purple,11,uniform_purple.png,300,pilot uniform purple,1,1,,,
109,109,pilot stewardess blue,11,stewardess_light_blue.jpg,200,pilot stewardess blue,1,1,,,
110,110,pilot stewardess purple,11,stewardess_purple.png,200,pilot stewardess purple,1,1,,,
111,111,pilot stewardess green,11,stewardess_green.png,200,pilot stewardess green,1,1,,,
112,112,pilot stewardess dark blue,11,stewardess_dark_blue.png,200,pilot stewardess dark blue,1,1,,,
113,113,business analysis,7,analysis.png,300,business analysis,1,1,,,
114,114,business SEO,7,seo.png,300,business SEO,1,1,,,
115,115,business contracts,7,contracts.png,300,business contracts,1,1,,,
116,116,business wearable tech,7,wearable_tech.png,300,business wearable tech,1,1,,,
117,117,business web applications,7,web_applications.png,300,business web applications,1,1,,,
118,118,business workspace,7,workspace.png,300,business workspace,1,1,,,
119,119,business loft office,7,loft_office.jpg,700,business loft office,1,1,,,
120,120,business reception area,7,reception_area.png,600,business reception area,1,1,,,
121,121,business conference room desk,7,conference_room_desk.jpg,600,business conference room desk,1,1,,,
122,122,business cool break room,7,cool_break_room.jpg,1000,business cool break room,1,1,,,
123,123,business desk,7,desk.jpg,500,business desk,1,1,,,
124,124,business registration book,7,registration_book.png,200,business registration book,1,1,,,
125,125,business Office supplies clock,7,office_supplies_clock.png,100,business Office supplies clock,1,1,,,
126,126,business Office supplies organizer,7,office_supplies_organizer.png,100,business Office supplies organizer,1,1,,,
127,127,business Office supplies clipboard,7,office_supplies_clipboard.png,100,business Office supplies clipboard,1,1,,,
128,128,business Office supplies laptop,7,office_supplies_laptop.png,100,business Office supplies laptop,1,1,,,
129,129,business Office supplies monitor,7,office_supplies_monitor.png,100,business Office supplies monitor,1,1,,,
130,130,business Office supplies notepad,7,office_supplies_notepad.png,100,business Office supplies notepad,1,1,,,
131,131,business Office supplies calculator,7,office_supplies_calculator.png,100,business Office supplies calculator,1,1,,,
132,132,business Office supplies diary,7,office_supplies_diary.png,100,business Office supplies diary,1,1,,,
133,133,business Office supplies magnifier,7,office_supplies_magnifier.png,100,business Office supplies magnifier,1,1,,,
134,134,business Office supplies mouse,7,office_supplies_mouse.png,100,business Office supplies mouse,1,1,,,
135,135,business Office supplies scissors,7,office_supplies_scissors.png,100,business Office supplies scissors,1,1,,,
136,136,business Office supplies stamp,7,office_supplies_stamp.png,100,business Office supplies stamp,1,1,,,
137,137,lawyer Office supplies clock,17,office_supplies_clock.png,100,lawyer Office supplies clock,1,1,,,
138,138,lawyer Office supplies organizer,17,office_supplies_organizer.png,100,lawyer Office supplies organizer,1,1,,,
139,139,lawyer Office supplies clipboard,17,office_supplies_clipboard.png,100,lawyer Office supplies clipboard,1,1,,,
140,140,lawyer Office supplies laptop,17,office_supplies_laptop.png,100,lawyer Office supplies laptop,1,1,,,
141,141,lawyer Office supplies monitor,17,office_supplies_monitor.png,100,lawyer Office supplies monitor,1,1,,,
142,142,lawyer Office supplies notepad,17,office_supplies_notepad.png,100,lawyer Office supplies notepad,1,1,,,
143,143,lawyer Office supplies calculator,17,office_supplies_calculator.png,100,lawyer Office supplies calculator,1,1,,,
144,144,lawyer Office supplies diary,17,office_supplies_diary.png,100,lawyer Office supplies diary,1,1,,,
145,145,lawyer Office supplies magnifier,17,office_supplies_magnifier.png,100,lawyer Office supplies magnifier,1,1,,,
146,146,lawyer Office supplies mouse,17,office_supplies_mouse.png,100,lawyer Office supplies mouse,1,1,,,
147,147,lawyer Office supplies scissors,17,office_supplies_scissors.png,100,lawyer Office supplies scissors,1,1,,,
148,148,lawyer Office supplies stamp,17,office_supplies_stamp.png,100,lawyer Office supplies stamp,1,1,,,
149,149,scientist beaker blue,14,beaker_blue.png,100,scientist beaker blue,1,1,,,
150,150,scientist beaker yellow,14,beaker_yellow.png,100,scientist beaker yellow,1,1,,,
151,151,scientist beaker green,14,beaker_green.png,100,scientist beaker green,1,1,,,
152,152,scientist beaker red,14,beaker_red.png,100,scientist beaker red,1,1,,,
153,153,scientist beaker purple,14,beaker_purple.png,100,scientist beaker purple,1,1,,,
154,154,scientist beaker light blue,14,beaker_light_blue.png,100,scientist beaker light blue,1,1,,,
155,155,scientist beaker light green,14,beaker_light_green.png,100,scientist beaker light green,1,1,,,
156,156,scientist beaker dark green,14,beaker_dark_green.png,100,scientist beaker dark green,1,1,,,
157,157,scientist beaker blue dark,14,beaker_blue_dark.png,100,scientist beaker blue dark,1,1,,,
158,158,scientist beaker dark red,14,beaker_dark_red.png,100,scientist beaker dark red,1,1,,,
159,159,scientist petri dish,14,petri_dish.png,200,scientist petri dish,1,1,,,
160,160,scientist test tube green,14,test_tube_green.png,400,scientist test tube green,1,1,,,
161,161,scientist test tube,14,test_tube.png,400,scientist test tube,1,1,,,
162,162,scientist experiment,14,experiment.jpg,600,scientist experiment,1,1,,,
163,163,scientist experiment 2,14,experiment_two.jpg,600,scientist experiment 2,1,1,,,
164,164,scientist bunson burned,14,bunsen_burner.png,800,scientist bunson burned,1,1,,,
165,165,scientist microscope blue,14,microscope_blue.jpg,1000,scientist microscope blue,1,1,,,
166,166,scientist microscope red,14,microscope_red.png,1000,scientist microscope red,1,1,,,
167,167,scientist microscope yellow,14,microscope_yellow.png,1000,scientist microscope yellow,1,1,,,
168,168,scientist microscope green,14,microscope_green.png,1000,scientist microscope green,1,1,,,
169,169,scientist microscope purple,14,microscope_purple.png,1000,scientist microscope purple,1,1,,,
170,170,scientist microscope white,14,microscope_white.png,1000,scientist microscope white,1,1,,,
171,171,scientist flask red,14,flask_red.png,200,scientist flask red,1,1,,,
172,172,scientist flask blue,14,flask_blue.png,200,scientist flask blue,1,1,,,
173,173,scientist flask yellow,14,flask_yellow.png,200,scientist flask yellow,1,1,,,
174,174,scientist flask green,14,flask_green.png,200,scientist flask green,1,1,,,
175,175,scientist flask purple,14,flask_purple.png,200,scientist flask purple,1,1,,,
176,176,scientist oscilloscope,14,oscilloscope.png,1000,scientist oscilloscope,1,1,,,
177,177,scientist burner,14,burner.png,600,scientist burner,1,1,,,
178,178,scientist scale,14,scale.png,600,scientist scale,1,1,,,
179,179,scientist atom,14,atom.png,400,scientist atom,1,1,,,
180,180,scientist funnel,14,funnel.png,200,scientist funnel,1,1,,,
181,181,scientist syringe,14,syringes.jpg,400,scientist syringe,1,1,,,
182,182,doctor syringe,3,syringes.jpg,400,doctor syringe,1,1,,,
183,183,doctor scale,3,scale.png,600,doctor scale,1,1,,,
184,184,doctor atom,3,atom.png,400,doctor atom,1,1,,,
185,185,doctor operating table,3,operating_room.png,1000,doctor operating table,1,1,,,
186,186,doctor xray,3,xray.jpg,300,doctor xray,1,1,,,
187,187,doctor imaging machine,3,imaging_machine.jpg,1000,doctor imaging machine,1,1,,,
188,188,doctor bottles medical,3,bottles_medical.jpg,350,doctor bottles medical,1,1,,,
189,189,doctor bottles medical 2,3,bottles_medical_2.jpg,350,doctor bottles medical 2,1,1,,,
190,190,doctor pliers,3,pliers.jpg,400,doctor pliers,1,1,,,
191,191,doctor scrapels,3,scapels.jpg,400,doctor scrapels,1,1,,,
192,192,doctor first aid kit,3,first_aid_kit.jpg,600,doctor first aid kit,1,1,,,
193,193,doctor wheelchair,3,wheelchair.jpg,800,doctor wheelchair,1,1,,,
194,194,doctor stretcher,3,stretcher.jpg,300,doctor stretcher,1,1,,,
195,195,doctor operating tray,3,operating_tray.jpg,100,doctor operating tray,1,1,,,
196,196,doctor operating scissors,3,scissors.jpg,300,doctor operating scissors,1,1,,,
197,197,doctor IV,3,iv.jpg,400,doctor IV,1,1,,,
198,198,doctor tweezer,3,tweezer.jpg,200,doctor tweezer,1,1,,,
199,199,doctor crutches,3,crutches.jpg,300,doctor crutches,1,1,,,
200,200,doctor hospital bed,3,medical_bed.jpg,400,doctor hospital bed,1,1,,,
201,201,doctor medical hammer,3,hammer.jpg,400,doctor medical hammer,1,1,,,
202,202,teacher blackboard,16,blackboard.png,500,teacher blackboard,1,1,,,
203,203,teacher clock,16,clock.png,200,teacher clock,1,1,,,
204,204,teacher color pencils,16,color_pencils.png,100,teacher color pencils,1,1,,,
205,205,teacher computer,16,computer.png,250,teacher computer,1,1,,,
206,206,teacher crayons,16,crayons.png,100,teacher crayons,1,1,,,
207,207,teacher easel,16,easel.png,100,teacher easel,1,1,,,
208,208,teacher eraser,16,eraser.png,100,teacher eraser,1,1,,,
209,209,teacher globe,16,globe.png,100,teacher globe,1,1,,,
210,210,teacher glue stick,16,glue_sticks.png,100,teacher glue stick,1,1,,,
211,211,teacher keyboard mouse,16,keyboard_mouse.png,100,teacher keyboard mouse,1,1,,,
212,212,teacher laptop,16,laptop.png,250,teacher laptop,1,1,,,
213,213,teacher marker,16,marker.png,50,teacher marker,1,1,,,
214,214,teacher monitor,16,monitor.png,200,teacher monitor,1,1,,,
215,215,teacher music,16,music.png,100,teacher music,1,1,,,
216,216,teacher notepad,16,notepad.png,50,teacher notepad,1,1,,,
217,217,teacher paint,16,paint.png,100,teacher paint,1,1,,,
218,218,teacher pen,16,pen.png,50,teacher pen,1,1,,,
219,219,teacher pencil box,16,pencil_box.png,100,teacher pencil box,1,1,,,
220,220,teacher ruler,16,ruler.png,100,teacher ruler,1,1,,,
221,221,teacher schoolbus,16,schoolbus.png,800,teacher schoolbus,1,1,,,
222,222,teacher science equipment,16,science_equipment.png,200,teacher science equipment,1,1,,,
223,223,teacher scissors,16,scissors.png,50,teacher scissors,1,1,,,
224,224,teacher stapler,16,stapler.png,50,teacher stapler,1,1,,,
225,225,fireman large hose,10,large_hose.png,100,fireman large hose,1,1,,,
226,226,fireman helmet,10,helmet.png,100,fireman helmet,1,1,,,
227,227,fireman mask,10,mask.png,400,fireman mask,1,1,,,
228,228,fireman fire,10,fire.png,200,fireman fire,1,1,,,
229,229,fireman boot,10,boot.png,200,fireman boot,1,1,,,
230,230,fireman jacket,10,jacket.png,500,fireman jacket,1,1,,,
231,231,fireman ladder,10,ladder.png,200,fireman ladder,1,1,,,
232,232,fireman walkie talkie,10,walkie_talkie.png,500,fireman walkie talkie,1,1,,,
233,233,Astronaut Suit red,2,astronaut_red.png,100,Astronaut Suit red,1,1,,,
234,234,Astronaut Suit blue,2,astronaut_blue.png,100,Astronaut Suit blue,1,1,,,
235,235,Astronaut Suit green,2,astronaut_green.png,100,Astronaut Suit green,1,1,,,
236,236,Astronaut Suit purple,2,astronaut_purple.png,100,Astronaut Suit purple,1,1,,,
237,237,Astronaut Suit white,2,astronaut_white.png,100,Astronaut Suit white,1,1,,,
238,238,Astronaut Suit yellow,2,astronaut_yellow.png,100,Astronaut Suit yellow,1,1,,,
239,239,Astronaut Satelite blue,2,sat_blue.png,500,Astronaut Satelite blue,1,1,,,
240,240,Astronaut Satelite green,2,sat_green.png,500,Astronaut Satelite green,1,1,,,
241,241,Astronaut Satelite white,2,sat_white.png,500,Astronaut Satelite white,1,1,,,
242,242,Astronaut Satelite yellow,2,sat_yellow.png,500,Astronaut Satelite yellow,1,1,,,
243,243,Astronaut Satelite purple,2,sat_purple.png,500,Astronaut Satelite purple,1,1,,,
244,244,Astronaut Space shuttle blue,2,space_blue.png,1000,Astronaut Space shuttle blue,1,1,,,
245,245,Astronaut Space shuttle green,2,space_green.png,1000,Astronaut Space shuttle green,1,1,,,
246,246,Astronaut Space shuttle yellow,2,space_yellow.png,1000,Astronaut Space shuttle yellow,1,1,,,
247,247,Astronaut Space shuttle white,2,space_white.png,1000,Astronaut Space shuttle white,1,1,,,
248,248,Astronaut Space shuttle purple,2,space_purple.png,1000,Astronaut Space shuttle purple,1,1,,,
249,249,Astronaut Telescope green,2,telescope_green.png,300,Astronaut Telescope green,1,1,,,
250,250,Astronaut Telescope white,2,telescope_white.png,300,Astronaut Telescope white,1,1,,,
251,251,Astronaut Telescope purple,2,telescope_purple.png,300,Astronaut Telescope purple,1,1,,,
252,252,Astronaut Telescope yellow,2,telescope_yellow.png,300,Astronaut Telescope yellow,1,1,,,
253,253,Astronaut Telescope blue,2,telescope_blue.png,300,Astronaut Telescope blue,1,1,,,
254,254,Astronaut Rocketship Green,2,ship_green.png,600,Astronaut Rocketship Green,1,1,,,
255,255,Astronaut Rocketship red,2,ship_red.png,600,Astronaut Rocketship red,1,1,,,
256,256,Astronaut Rocketship silver,2,ship_silver.png,600,Astronaut Rocketship silver,1,1,,,
257,257,Astronaut Rocketship blue,2,ship_blue.png,600,Astronaut Rocketship blue,1,1,,,
258,258,Astronaut Mars Rover blue,2,mars_rover_blue.png,1200,Astronaut Mars Rover blue,1,1,,,
259,259,Astronaut Mars Rover green,2,mars_rover_green.png,1200,Astronaut Mars Rover green,1,1,,,
260,260,Astronaut Mars Rover red,2,mars_rover_red.png,1200,Astronaut Mars Rover red,1,1,,,
261,261,Astronaut Mars Rover purple,2,mars_rover_purple.png,1200,Astronaut Mars Rover purple,1,1,,,
262,262,Astronaut Mars Rover white,2,mars_rover_white.png,1200,Astronaut Mars Rover white,1,1,,,
263,263,Astronaut robots green,2,robots_green.png,400,Astronaut robots green,1,1,,,
264,264,Astronaut robots blue,2,robots_blue.png,400,Astronaut robots blue,1,1,,,
265,265,Astronaut robots red,2,robots_red.png,400,Astronaut robots red,1,1,,,
266,266,Astronaut robots white,2,robots_white.png,400,Astronaut robots white,1,1,,,
267,267,Astronaut robots purple,2,robots_purple.png,400,Astronaut robots purple,1,1,,,
268,268,Astronaut Satellite floating red,2,satelite_red.png,150,Astronaut Satellite floating red,1,1,,,
269,269,Astronaut Satellite floating blue,2,satelite_blue.png,150,Astronaut Satellite floating blue,1,1,,,
270,270,Astronaut Satellite floating white,2,satelite_white.png,150,Astronaut Satellite floating white,1,1,,,
271,271,Astronaut Satellite floating purple,2,satelite_purple.png,150,Astronaut Satellite floating purple,1,1,,,
272,272,Astronaut Satellite floating green,2,satelite_green.png,150,Astronaut Satellite floating green,1,1,,,
273,273,doctor syringe,4,syringes.jpg,400,doctor syringe,1,1,,,
274,274,doctor scale,4,scale.png,600,doctor scale,1,1,,,
275,275,doctor atom,4,atom.png,400,doctor atom,1,1,,,
276,276,doctor operating table,4,operating_room.png,1000,doctor operating table,1,1,,,
277,277,doctor xray,4,xray.jpg,300,doctor xray,1,1,,,
278,278,doctor imaging machine,4,imaging_machine.jpg,1000,doctor imaging machine,1,1,,,
279,279,doctor bottles medical,4,bottles_medical.jpg,350,doctor bottles medical,1,1,,,
280,280,doctor bottles medical 2,4,bottles_medical_2.jpg,350,doctor bottles medical 2,1,1,,,
281,281,doctor pliers,4,pliers.jpg,400,doctor pliers,1,1,,,
282,282,doctor scrapels,4,scapels.jpg,400,doctor scrapels,1,1,,,
283,283,doctor first aid kit,4,first_aid_kit.jpg,600,doctor first aid kit,1,1,,,
284,284,doctor wheelchair,4,wheelchair.jpg,800,doctor wheelchair,1,1,,,
285,285,doctor stretcher,4,stretcher.jpg,300,doctor stretcher,1,1,,,
286,286,doctor operating tray,4,operating_tray.jpg,100,doctor operating tray,1,1,,,
287,287,doctor operating scissors,4,scissors.jpg,300,doctor operating scissors,1,1,,,
288,288,doctor IV,4,iv.jpg,400,doctor IV,1,1,,,
289,289,doctor tweezer,4,tweezer.jpg,200,doctor tweezer,1,1,,,
290,290,doctor crutches,4,crutches.jpg,300,doctor crutches,1,1,,,
291,291,doctor hospital bed,4,medical_bed.jpg,400,doctor hospital bed,1,1,,,
292,292,doctor medical hammer,4,hammer.jpg,400,doctor medical hammer,1,1,,,
293,293,Engineering Hardhat red,6,cap_red.png,50,Engineering Hardhat red,1,1,,,
294,294,Engineering Hardhat blue,6,cap_blue.png,50,Engineering Hardhat blue,1,1,,,
295,295,Engineering Hardhat white,6,cap_white.png,50,Engineering Hardhat white,1,1,,,
296,296,Engineering Hardhat purple,6,cap_purple.png,50,Engineering Hardhat purple,1,1,,,
297,297,Engineering bulldozer,6,bulldozer.png,1000,Engineering bulldozer,1,1,,,
298,298,Engineering Crane blue,6,crane.png,1000,Engineering Crane blue,1,1,,,
299,299,Engineering Large crane,6,large_carne.png,750,Engineering Large crane,1,1,,,
300,300,Engineering cement mixer,6,cement_mixer.png,1000,Engineering cement mixer,1,1,,,
301,301,Engineering equipment,6,equipment.png,200,Engineering equipment,1,1,,,
302,302,Engineering floor plan,6,floor_plans.png,100,Engineering floor plan,1,1,,,
303,303,Engineering level,6,level.png,100,Engineering level,1,1,,,
304,304,Engineering geometry,6,geometry.png,100,Engineering geometry,1,1,,,
305,305,Engineering ruler,6,ruler.png,100,Engineering ruler,1,1,,,
306,306,Engineering plans,6,plans.png,100,Engineering plans,1,1,,,
307,307,Engineering briefcase,6,briefcase.png,200,Engineering briefcase,1,1,,,
308,308,Engineering laptop,6,laptop.png,200,Engineering laptop,1,1,,,
309,309,Engineering jackhammer,6,jackhammer.png,300,Engineering jackhammer,1,1,,,
310,310,Engineering truck dozer,6,truck_dozer.png,400,Engineering truck dozer,1,1,,,
311,311,Engineering dump truck,6,dump_truck.png,500,Engineering dump truck,1,1,,,
312,312,Engineering small crane,6,small_crane.png,500,Engineering small crane,1,1,,,
313,313,Engineering cement mixer small,6,cement_mixer_small.png,500,Engineering cement mixer small,1,1,,,
314,314,Engineering hauler,6,hauler.png,500,Engineering hauler,1,1,,,
315,315,business analysis,8,analysis.png,300,business analysis,1,1,,,
316,316,business SEO,8,seo.png,300,business SEO,1,1,,,
317,317,business contracts,8,contracts.png,300,business contracts,1,1,,,
318,318,business wearable tech,8,wearable_tech.png,300,business wearable tech,1,1,,,
319,319,business web applications,8,web_applications.png,300,business web applications,1,1,,,
320,320,business workspace,8,workspace.png,300,business workspace,1,1,,,
321,321,business loft office,8,loft_office.jpg,700,business loft office,1,1,,,
322,322,business reception area,8,reception_area.png,600,business reception area,1,1,,,
323,323,business conference room desk,8,conference_room_desk.jpg,600,business conference room desk,1,1,,,
324,324,business cool break room,8,cool_break_room.jpg,1000,business cool break room,1,1,,,
325,325,business desk,8,desk.jpg,500,business desk,1,1,,,
326,326,business registration book,8,registration_book.png,200,business registration book,1,1,,,
327,327,business Office supplies clock,8,office_supplies_clock.png,100,business Office supplies clock,1,1,,,
328,328,business Office supplies organizer,8,office_supplies_organizer.png,100,business Office supplies organizer,1,1,,,
329,329,business Office supplies clipboard,8,office_supplies_clipboard.png,100,business Office supplies clipboard,1,1,,,
330,330,business Office supplies laptop,8,office_supplies_laptop.png,100,business Office supplies laptop,1,1,,,
331,331,business Office supplies monitor,8,office_supplies_monitor.png,100,business Office supplies monitor,1,1,,,
332,332,business Office supplies notepad,8,office_supplies_notepad.png,100,business Office supplies notepad,1,1,,,
333,333,business Office supplies calculator,8,office_supplies_calculator.png,100,business Office supplies calculator,1,1,,,
334,334,business Office supplies diary,8,office_supplies_diary.png,100,business Office supplies diary,1,1,,,
335,335,business Office supplies magnifier,8,office_supplies_magnifier.png,100,business Office supplies magnifier,1,1,,,
336,336,business Office supplies mouse,8,office_supplies_mouse.png,100,business Office supplies mouse,1,1,,,
337,337,business Office supplies scissors,8,office_supplies_scissors.png,100,business Office supplies scissors,1,1,,,
338,338,business Office supplies stamp,8,office_supplies_stamp.png,100,business Office supplies stamp,1,1,,,
339,339,fireman hose,9,hose.png,100,fireman hose,1,1,,,
340,340,fireman alarm,9,alarm.png,100,fireman alarm,1,1,,,
341,341,fireman fire extinguisher large,9,fire_extinguisher_large.png,300,fireman fire extinguisher large,1,1,,,
342,342,fireman fire extinguisher small,9,fire_extinguisher_small.png,200,fireman fire extinguisher small,1,1,,,
343,343,fireman fire sign,9,fire_sign.png,100,fireman fire sign,1,1,,,
344,344,fireman hydrant,9,hydrant.png,300,fireman hydrant,1,1,,,
345,345,fireman large fire engine,9,large_fire_engine.png,1000,fireman large fire engine,1,1,,,
346,346,fireman small fire engine,9,small_fire_engine.png,500,fireman small fire engine,1,1,,,
347,347,fireman safety cone,9,safety_cone.png,100,fireman safety cone,1,1,,,
348,348,scientist beaker blue,13,beaker_blue.png,100,scientist beaker blue,1,1,,,
349,349,scientist beaker yellow,13,beaker_yellow.png,100,scientist beaker yellow,1,1,,,
350,350,scientist beaker green,13,beaker_green.png,100,scientist beaker green,1,1,,,
351,351,scientist beaker red,13,beaker_red.png,100,scientist beaker red,1,1,,,
352,352,scientist beaker purple,13,beaker_purple.png,100,scientist beaker purple,1,1,,,
353,353,scientist beaker light blue,13,beaker_light_blue.png,100,scientist beaker light blue,1,1,,,
354,354,scientist beaker light green,13,beaker_light_green.png,100,scientist beaker light green,1,1,,,
355,355,scientist beaker dark green,13,beaker_dark_green.png,100,scientist beaker dark green,1,1,,,
356,356,scientist beaker blue dark,13,beaker_blue_dark.png,100,scientist beaker blue dark,1,1,,,
357,357,scientist beaker dark red,13,beaker_dark_red.png,100,scientist beaker dark red,1,1,,,
358,358,scientist petri dish,13,petri_dish.png,200,scientist petri dish,1,1,,,
359,359,scientist test tube green,13,test_tube_green.png,400,scientist test tube green,1,1,,,
360,360,scientist test tube,13,test_tube.png,400,scientist test tube,1,1,,,
361,361,scientist experiment,13,experiment.jpg,600,scientist experiment,1,1,,,
362,362,scientist experiment 2,13,experiment_two.jpg,600,scientist experiment 2,1,1,,,
363,363,scientist bunson burned,13,bunsen_burner.png,800,scientist bunson burned,1,1,,,
364,364,scientist microscope blue,13,microscope_blue.jpg,1000,scientist microscope blue,1,1,,,
365,365,scientist microscope red,13,microscope_red.png,1000,scientist microscope red,1,1,,,
366,366,scientist microscope yellow,13,microscope_yellow.png,1000,scientist microscope yellow,1,1,,,
367,367,scientist microscope green,13,microscope_green.png,1000,scientist microscope green,1,1,,,
368,368,scientist microscope purple,13,microscope_purple.png,1000,scientist microscope purple,1,1,,,
369,369,scientist microscope white,13,microscope_white.png,1000,scientist microscope white,1,1,,,
370,370,scientist flask red,13,flask_red.png,200,scientist flask red,1,1,,,
371,371,scientist flask blue,13,flask_blue.png,200,scientist flask blue,1,1,,,
372,372,scientist flask yellow,13,flask_yellow.png,200,scientist flask yellow,1,1,,,
373,373,scientist flask green,13,flask_green.png,200,scientist flask green,1,1,,,
374,374,scientist flask purple,13,flask_purple.png,200,scientist flask purple,1,1,,,
375,375,scientist oscilloscope,13,oscilloscope.png,1000,scientist oscilloscope,1,1,,,
376,376,scientist burner,13,burner.png,600,scientist burner,1,1,,,
377,377,scientist scale,13,scale.png,600,scientist scale,1,1,,,
378,378,scientist atom,13,atom.png,400,scientist atom,1,1,,,
379,379,scientist funnel,13,funnel.png,200,scientist funnel,1,1,,,
380,380,scientist syringe,13,syringes.jpg,400,scientist syringe,1,1,,,
381,381,fireman large hose,9,large_hose.png,100,fireman large hose,1,1,,,
382,382,fireman helmet,9,helmet.png,100,fireman helmet,1,1,,,
383,383,fireman mask,9,mask.png,400,fireman mask,1,1,,,
384,384,fireman fire,9,fire.png,200,fireman fire,1,1,,,
385,385,fireman boot,9,boot.png,200,fireman boot,1,1,,,
386,386,fireman jacket,9,jacket.png,500,fireman jacket,1,1,,,
387,387,fireman ladder,9,ladder.png,200,fireman ladder,1,1,,,
388,388,fireman walkie talkie,9,walkie_talkie.png,500,fireman walkie talkie,1,1,,,
389,389,teacher blackboard,15,blackboard.png,500,teacher blackboard,1,1,,,
390,390,teacher clock,15,clock.png,200,teacher clock,1,1,,,
391,391,teacher color pencils,15,color_pencils.png,100,teacher color pencils,1,1,,,
392,392,teacher computer,15,computer.png,250,teacher computer,1,1,,,
393,393,teacher crayons,15,crayons.png,100,teacher crayons,1,1,,,
394,394,teacher easel,15,easel.png,100,teacher easel,1,1,,,
395,395,teacher eraser,15,eraser.png,100,teacher eraser,1,1,,,
396,396,teacher globe,15,globe.png,100,teacher globe,1,1,,,
397,397,teacher glue stick,15,glue_sticks.png,100,teacher glue stick,1,1,,,
398,398,teacher keyboard mouse,15,keyboard_mouse.png,100,teacher keyboard mouse,1,1,,,
399,399,teacher laptop,15,laptop.png,250,teacher laptop,1,1,,,
400,400,teacher marker,15,marker.png,50,teacher marker,1,1,,,
401,401,teacher monitor,15,monitor.png,200,teacher monitor,1,1,,,
402,402,teacher music,15,music.png,100,teacher music,1,1,,,
403,403,teacher notepad,15,notepad.png,50,teacher notepad,1,1,,,
404,404,teacher paint,15,paint.png,100,teacher paint,1,1,,,
405,405,teacher pen,15,pen.png,50,teacher pen,1,1,,,
406,406,teacher pencil box,15,pencil_box.png,100,teacher pencil box,1,1,,,
407,407,teacher ruler,15,ruler.png,100,teacher ruler,1,1,,,
408,408,teacher schoolbus,15,schoolbus.png,800,teacher schoolbus,1,1,,,
409,409,teacher science equipment,15,science_equipment.png,200,teacher science equipment,1,1,,,
410,410,teacher scissors,15,scissors.png,50,teacher scissors,1,1,,,
411,411,teacher stapler,15,stapler.png,50,teacher stapler,1,1,,,
412,412,pilot tower,12,tower.png,200,pilot tower,1,1,,,
413,413,pilot commercial jet,12,commercial_jet.jpg,600,pilot commercial jet,1,1,,,
414,414,pilot helicopter,12,helicopter.jpg,500,pilot helicopter,1,1,,,
415,415,pilot figher jet,12,fighter_jet.jpg,1000,pilot figher jet,1,1,,,
416,416,pilot luxury corporate jet,12,luxury_corporate_jet.jpg,600,pilot luxury corporate jet,1,1,,,
417,417,pilot pilot hat black,12,pilot_black.png,100,pilot pilot hat black,1,1,,,
418,418,pilot pilot hat green,12,pilot_green.png,100,pilot pilot hat green,1,1,,,
419,419,pilot pilot hat red,12,pilot_red.png,100,pilot pilot hat red,1,1,,,
420,420,pilot pilot hat white,12,pilot_white.png,100,pilot pilot hat white,1,1,,,
421,421,pilot yellow plane,12,yellow_plane.jpg,400,pilot yellow plane,1,1,,,
422,422,pilot airport,12,airport.jpg,800,pilot airport,1,1,,,
423,423,pilot suitcase blue,12,suitcase_blue.jpg,200,pilot suitcase blue,1,1,,,
424,424,pilot suitcase white,12,suitcase_white.png,200,pilot suitcase white,1,1,,,
425,425,pilot suitcase red,12,suitcase_red.png,200,pilot suitcase red,1,1,,,
426,426,pilot suitcase yellow,12,suitcase_yellow.png,200,pilot suitcase yellow,1,1,,,
427,427,pilot suitcase green,12,suitcase_green.png,200,pilot suitcase green,1,1,,,
428,428,pilot aviator glasses,12,aviator_glasses.jpg,400,pilot aviator glasses,1,1,,,
429,429,pilot headphones,12,headphones.jpg,200,pilot headphones,1,1,,,
430,430,pilot uniform blue dark,12,uniform_dark_blue.png,300,pilot uniform blue dark,1,1,,,
431,431,pilot uniform blue light,12,uniform_light_blue.png,300,pilot uniform blue light,1,1,,,
432,432,pilot uniform green,12,uniform_green.png,300,pilot uniform green,1,1,,,
433,433,pilot uniform brown,12,uniform_brown.png,300,pilot uniform brown,1,1,,,
434,434,pilot uniform purple,12,uniform_purple.png,300,pilot uniform purple,1,1,,,
435,435,pilot stewardess blue,12,stewardess_light_blue.jpg,200,pilot stewardess blue,1,1,,,
436,436,pilot stewardess purple,12,stewardess_purple.png,200,pilot stewardess purple,1,1,,,
437,437,pilot stewardess green,12,stewardess_green.png,200,pilot stewardess green,1,1,,,
438,438,pilot stewardess dark blue,12,stewardess_dark_blue.png,200,pilot stewardess dark blue,1,1,,,
439,439,lawyer Office supplies clock,18,office_supplies_clock.png,100,lawyer Office supplies clock,1,1,,,
440,440,lawyer Office supplies organizer,18,office_supplies_organizer.png,100,lawyer Office supplies organizer,1,1,,,
441,441,lawyer Office supplies clipboard,18,office_supplies_clipboard.png,100,lawyer Office supplies clipboard,1,1,,,
442,442,lawyer Office supplies laptop,18,office_supplies_laptop.png,100,lawyer Office supplies laptop,1,1,,,
443,443,lawyer Office supplies monitor,18,office_supplies_monitor.png,100,lawyer Office supplies monitor,1,1,,,
444,444,lawyer Office supplies notepad,18,office_supplies_notepad.png,100,lawyer Office supplies notepad,1,1,,,
445,445,lawyer Office supplies calculator,18,office_supplies_calculator.png,100,lawyer Office supplies calculator,1,1,,,
446,446,lawyer Office supplies diary,18,office_supplies_diary.png,100,lawyer Office supplies diary,1,1,,,
447,447,lawyer Office supplies magnifier,18,office_supplies_magnifier.png,100,lawyer Office supplies magnifier,1,1,,,
448,448,lawyer Office supplies mouse,18,office_supplies_mouse.png,100,lawyer Office supplies mouse,1,1,,,
449,449,lawyer Office supplies scissors,18,office_supplies_scissors.png,100,lawyer Office supplies scissors,1,1,,,
450,450,lawyer Office supplies stamp,18,office_supplies_stamp.png,100,lawyer Office supplies stamp,1,1,,,
451,451,lawyer brieftcase,18,briefcase.png,200,lawyer brieftcase,1,1,,,
452,452,lawyer computer,18,computer.png,200,lawyer computer,1,1,,,
453,453,lawyer conference room desk,18,conference_room_desk.jpg,400,lawyer conference room desk,1,1,,,
454,454,lawyer courthouse,18,courthouse.jpg,400,lawyer courthouse,1,1,,,
455,455,lawyer desk,18,desk.jpg,400,lawyer desk,1,1,,,
456,456,lawyer formal robe,18,formal_robe.jpg,100,lawyer formal robe,1,1,,,
457,457,lawyer gravel,18,gravel.png,100,lawyer gravel,1,1,,,
458,458,lawyer justice scales,18,justice_scales.png,100,lawyer justice scales,1,1,,,
459,459,lawyer law book,18,law_book.png,100,lawyer law book,1,1,,,
460,460,lawyer law books,18,law_books.png,100,lawyer law books,1,1,,,
461,461,lawyer law library books,18,law_library_books.jpg,500,lawyer law library books,1,1,,,
462,462,lawyer lawyer suit,18,lawyer_suit.jpg,400,lawyer lawyer suit,1,1,,,
463,463,lawyer note pad and pen,18,note_pad_and_pen.png,200,lawyer note pad and pen,1,1,,,
464,464,lawyer reception area,18,reception_area.jpg,600,lawyer reception area,1,1,,,